{
	"IcoMoonType": "selection",
	"icons": [
		{
			"icon": {
				"paths": [
					"M954.857 323.429q0 22.857-16 38.857l-491.429 491.429q-16 16-38.857 16t-38.857-16l-284.571-284.571q-16-16-16-38.857t16-38.857l77.714-77.714q16-16 38.857-16t38.857 16l168 168.571 374.857-375.429q16-16 38.857-16t38.857 16l77.714 77.714q16 16 16 38.857z"
				],
				"width": 1024.0000610351562,
				"attrs": [],
				"isMulticolor": false,
				"tags": [
					"check"
				],
				"defaultCode": 61452,
				"grid": 14
			},
			"attrs": [],
			"properties": {
				"id": 12,
				"order": 20,
				"name": "check",
				"prevSize": 28,
				"code": 61452
			},
			"setIdx": 1,
			"setId": 8,
			"iconIdx": 12
		},
		{
			"icon": {
				"paths": [
					"M741.714 755.429q0 22.857-16 38.857l-77.714 77.714q-16 16-38.857 16t-38.857-16l-168-168-168 168q-16 16-38.857 16t-38.857-16l-77.714-77.714q-16-16-16-38.857t16-38.857l168-168-168-168q-16-16-16-38.857t16-38.857l77.714-77.714q16-16 38.857-16t38.857 16l168 168 168-168q16-16 38.857-16t38.857 16l77.714 77.714q16 16 16 38.857t-16 38.857l-168 168 168 168q16 16 16 38.857z"
				],
				"width": 804.5720672607422,
				"attrs": [],
				"isMulticolor": false,
				"tags": [
					"close",
					"remove",
					"times"
				],
				"defaultCode": 61453,
				"grid": 14
			},
			"attrs": [],
			"properties": {
				"id": 13,
				"order": 21,
				"name": "close, remove, times",
				"prevSize": 28,
				"code": 61453
			},
			"setIdx": 1,
			"setId": 8,
			"iconIdx": 13
		},
		{
			"icon": {
				"paths": [
					"M292.571 420.571v329.143q0 8-5.143 13.143t-13.143 5.143h-36.571q-8 0-13.143-5.143t-5.143-13.143v-329.143q0-8 5.143-13.143t13.143-5.143h36.571q8 0 13.143 5.143t5.143 13.143zM438.857 420.571v329.143q0 8-5.143 13.143t-13.143 5.143h-36.571q-8 0-13.143-5.143t-5.143-13.143v-329.143q0-8 5.143-13.143t13.143-5.143h36.571q8 0 13.143 5.143t5.143 13.143zM585.143 420.571v329.143q0 8-5.143 13.143t-13.143 5.143h-36.571q-8 0-13.143-5.143t-5.143-13.143v-329.143q0-8 5.143-13.143t13.143-5.143h36.571q8 0 13.143 5.143t5.143 13.143zM658.286 834.286v-541.714h-512v541.714q0 12.571 4 23.143t8.286 15.429 6 4.857h475.429q1.714 0 6-4.857t8.286-15.429 4-23.143zM274.286 219.429h256l-27.429-66.857q-4-5.143-9.714-6.286h-181.143q-5.714 1.143-9.714 6.286zM804.571 237.714v36.571q0 8-5.143 13.143t-13.143 5.143h-54.857v541.714q0 47.429-26.857 82t-64.571 34.571h-475.429q-37.714 0-64.571-33.429t-26.857-80.857v-544h-54.857q-8 0-13.143-5.143t-5.143-13.143v-36.571q0-8 5.143-13.143t13.143-5.143h176.571l40-95.429q8.571-21.143 30.857-36t45.143-14.857h182.857q22.857 0 45.143 14.857t30.857 36l40 95.429h176.571q8 0 13.143 5.143t5.143 13.143z"
				],
				"width": 804.5710134506226,
				"attrs": [],
				"isMulticolor": false,
				"tags": [
					"trash-o"
				],
				"defaultCode": 61460,
				"grid": 14
			},
			"attrs": [],
			"properties": {
				"id": 19,
				"order": 4,
				"name": "trash-o",
				"prevSize": 28,
				"code": 61460
			},
			"setIdx": 1,
			"setId": 8,
			"iconIdx": 19
		},
		{
			"icon": {
				"paths": [
					"M656.571 641.143q0-14.857-10.857-25.714l-103.429-103.429 103.429-103.429q10.857-10.857 10.857-25.714 0-15.429-10.857-26.286l-51.429-51.429q-10.857-10.857-26.286-10.857-14.857 0-25.714 10.857l-103.429 103.429-103.429-103.429q-10.857-10.857-25.714-10.857-15.429 0-26.286 10.857l-51.429 51.429q-10.857 10.857-10.857 26.286 0 14.857 10.857 25.714l103.429 103.429-103.429 103.429q-10.857 10.857-10.857 25.714 0 15.429 10.857 26.286l51.429 51.429q10.857 10.857 26.286 10.857 14.857 0 25.714-10.857l103.429-103.429 103.429 103.429q10.857 10.857 25.714 10.857 15.429 0 26.286-10.857l51.429-51.429q10.857-10.857 10.857-26.286zM877.714 512q0 119.429-58.857 220.286t-159.714 159.714-220.286 58.857-220.286-58.857-159.714-159.714-58.857-220.286 58.857-220.286 159.714-159.714 220.286-58.857 220.286 58.857 159.714 159.714 58.857 220.286z"
				],
				"width": 877.7140070597306,
				"attrs": [],
				"isMulticolor": false,
				"tags": [
					"times-circle"
				],
				"defaultCode": 61527,
				"grid": 14
			},
			"attrs": [],
			"properties": {
				"id": 82,
				"order": 16,
				"name": "times-circle",
				"prevSize": 28,
				"code": 61527
			},
			"setIdx": 1,
			"setId": 8,
			"iconIdx": 82
		},
		{
			"icon": {
				"paths": [
					"M733.714 419.429q0-16-10.286-26.286l-52-51.429q-10.857-10.857-25.714-10.857t-25.714 10.857l-233.143 232.571-129.143-129.143q-10.857-10.857-25.714-10.857t-25.714 10.857l-52 51.429q-10.286 10.286-10.286 26.286 0 15.429 10.286 25.714l206.857 206.857q10.857 10.857 25.714 10.857 15.429 0 26.286-10.857l310.286-310.286q10.286-10.286 10.286-25.714zM877.714 512q0 119.429-58.857 220.286t-159.714 159.714-220.286 58.857-220.286-58.857-159.714-159.714-58.857-220.286 58.857-220.286 159.714-159.714 220.286-58.857 220.286 58.857 159.714 159.714 58.857 220.286z"
				],
				"width": 877.7140070597306,
				"attrs": [],
				"isMulticolor": false,
				"tags": [
					"check-circle"
				],
				"defaultCode": 61528,
				"grid": 14
			},
			"attrs": [],
			"properties": {
				"id": 83,
				"order": 17,
				"name": "check-circle",
				"prevSize": 28,
				"code": 61528
			},
			"setIdx": 1,
			"setId": 8,
			"iconIdx": 83
		},
		{
			"icon": {
				"paths": [
					"M512 786.286v-109.714q0-8-5.143-13.143t-13.143-5.143h-109.714q-8 0-13.143 5.143t-5.143 13.143v109.714q0 8 5.143 13.143t13.143 5.143h109.714q8 0 13.143-5.143t5.143-13.143zM658.286 402.286q0-50.286-31.714-93.143t-79.143-66.286-97.143-23.429q-138.857 0-212 121.714-8.571 13.714 4.571 24l75.429 57.143q4 3.429 10.857 3.429 9.143 0 14.286-6.857 30.286-38.857 49.143-52.571 19.429-13.714 49.143-13.714 27.429 0 48.857 14.857t21.429 33.714q0 21.714-11.429 34.857t-38.857 25.714q-36 16-66 49.429t-30 71.714v20.571q0 8 5.143 13.143t13.143 5.143h109.714q8 0 13.143-5.143t5.143-13.143q0-10.857 12.286-28.286t31.143-28.286q18.286-10.286 28-16.286t26.286-20 25.429-27.429 16-34.571 7.143-46.286zM877.714 512q0 119.429-58.857 220.286t-159.714 159.714-220.286 58.857-220.286-58.857-159.714-159.714-58.857-220.286 58.857-220.286 159.714-159.714 220.286-58.857 220.286 58.857 159.714 159.714 58.857 220.286z"
				],
				"width": 877.7140070597306,
				"attrs": [],
				"isMulticolor": false,
				"tags": [
					"question-circle"
				],
				"defaultCode": 61529,
				"grid": 14
			},
			"attrs": [],
			"properties": {
				"id": 84,
				"order": 19,
				"name": "question-circle",
				"prevSize": 28,
				"code": 61529
			},
			"setIdx": 1,
			"setId": 8,
			"iconIdx": 84
		},
		{
			"icon": {
				"paths": [
					"M585.143 786.286v-91.429q0-8-5.143-13.143t-13.143-5.143h-54.857v-292.571q0-8-5.143-13.143t-13.143-5.143h-182.857q-8 0-13.143 5.143t-5.143 13.143v91.429q0 8 5.143 13.143t13.143 5.143h54.857v182.857h-54.857q-8 0-13.143 5.143t-5.143 13.143v91.429q0 8 5.143 13.143t13.143 5.143h256q8 0 13.143-5.143t5.143-13.143zM512 274.286v-91.429q0-8-5.143-13.143t-13.143-5.143h-109.714q-8 0-13.143 5.143t-5.143 13.143v91.429q0 8 5.143 13.143t13.143 5.143h109.714q8 0 13.143-5.143t5.143-13.143zM877.714 512q0 119.429-58.857 220.286t-159.714 159.714-220.286 58.857-220.286-58.857-159.714-159.714-58.857-220.286 58.857-220.286 159.714-159.714 220.286-58.857 220.286 58.857 159.714 159.714 58.857 220.286z"
				],
				"width": 877.7140070597306,
				"attrs": [],
				"isMulticolor": false,
				"tags": [
					"info-circle"
				],
				"defaultCode": 61530,
				"grid": 14
			},
			"attrs": [],
			"properties": {
				"id": 85,
				"order": 18,
				"name": "info-circle",
				"prevSize": 28,
				"code": 61530
			},
			"setIdx": 1,
			"setId": 8,
			"iconIdx": 85
		},
		{
			"icon": {
				"paths": [
					"M548 6.857v150.857h-89.714q-49.143 0-66.286 20.571t-17.143 61.714v108h167.429l-22.286 169.143h-145.143v433.714h-174.857v-433.714h-145.714v-169.143h145.714v-124.571q0-106.286 59.429-164.857t158.286-58.571q84 0 130.286 6.857z"
				],
				"width": 602.2870178222656,
				"attrs": [],
				"isMulticolor": false,
				"tags": [
					"facebook",
					"facebook-f"
				],
				"defaultCode": 61594,
				"grid": 14
			},